{
    "tax_rate": 15,
    "base_prices": [
        1200,
        25435,
        8765432,
        12332
    ],
    "prices_included_tax": {
        "1200.00": 1380,
        "12332.00": 14181.8,
        "25435.00": 29250.249999999996,
        "8765432.00": 10080246.799999999
    }
}