{
    "tax_rate": 10,
    "base_prices": [
        1200,
        25435,
        8765432,
        12332
    ],
    "prices_included_tax": {
        "1200.00": 1320,
        "12332.00": 13565.2,
        "25435.00": 27978.500000000004,
        "8765432.00": 9641975.200000001
    }
}